comName,howMany,lat,lng,obsDt
Large-billed Crow,2.0,18.5418811,73.7276595,2026-06-24 11:08
Wire-tailed Swallow,1.0,18.5418811,73.7276595,2026-06-24 11:08
Eastern Cattle-Egret,4.0,18.5418811,73.7276595,2026-06-24 11:08
Dusky Crag-Martin,4.0,18.5418811,73.7276595,2026-06-24 11:08
Spot-breasted Fantail,1.0,18.5418811,73.7276595,2026-06-24 11:08
Common Iora,1.0,18.5418811,73.7276595,2026-06-24 11:08
Oriental Magpie-Robin,1.0,18.5418811,73.7276595,2026-06-24 11:08
Asian Tit,1.0,18.5418811,73.7276595,2026-06-24 11:08
Ashy Prinia,2.0,18.5418811,73.7276595,2026-06-24 11:08
Alexandrine Parakeet,1.0,18.5418811,73.7276595,2026-06-24 11:08
Black Kite,5.0,18.5418811,73.7276595,2026-06-24 11:08
Asian Koel,2.0,18.5418811,73.7276595,2026-06-24 11:08
Common Tailorbird,1.0,18.5418811,73.7276595,2026-06-24 11:08
Common Myna,4.0,18.5418811,73.7276595,2026-06-24 11:08
Little Swift,10.0,18.5418811,73.7276595,2026-06-24 11:08
Red-wattled Lapwing,1.0,18.5418811,73.7276595,2026-06-24 11:08
Little Egret,1.0,18.5418811,73.7276595,2026-06-24 11:08
Brahminy Starling,1.0,18.5418811,73.7276595,2026-06-24 11:08
Red-vented Bulbul,2.0,18.5418811,73.7276595,2026-06-24 11:08
Rock Pigeon,4.0,18.5418811,73.7276595,2026-06-24 11:08
Russet Bush Warbler,1.0,28.0295824,93.7529798,2026-06-24 10:56
Mountain Bulbul,1.0,28.0295824,93.7529798,2026-06-24 10:56
Asian Openbill,1.0,21.1581244,79.0585432,2026-06-24 10:45
Little Cormorant,4.0,21.1581244,79.0585432,2026-06-24 10:45
Gray-bellied Cuckoo,1.0,21.1581244,79.0585432,2026-06-24 10:45
Indian Peafowl,5.0,21.1581244,79.0585432,2026-06-24 10:45
Indian Cormorant,2.0,21.1581244,79.0585432,2026-06-24 10:45
Black-winged Stilt,8.0,26.839633,75.785412,2026-06-24 10:33
House Sparrow,15.0,19.9746031,75.8509678,2026-06-24 10:29
Indian White-eye,5.0,19.9746031,75.8509678,2026-06-24 10:29
Plain Prinia,2.0,19.9746031,75.8509678,2026-06-24 10:29
Eurasian Collared-Dove,1.0,14.4630643,78.9599526,2026-06-24 10:28
Purple-rumped Sunbird,2.0,14.4630643,78.9599526,2026-06-24 10:28
Indian Pond-Heron,3.0,14.4630643,78.9599526,2026-06-24 10:28
White-throated Kingfisher,1.0,14.4630643,78.9599526,2026-06-24 10:28
Yellow-billed Babbler,3.0,10.6729261,75.9920193,2026-06-24 10:18
Rufous Treepie,2.0,10.6729261,75.9920193,2026-06-24 10:18
Greater Coucal,2.0,10.6729261,75.9920193,2026-06-24 10:18
Lesser Whistling-Duck,2.0,10.6729261,75.9920193,2026-06-24 10:18
Black-rumped Flameback,1.0,10.6729261,75.9920193,2026-06-24 10:18
White-cheeked Barbet,1.0,10.6729261,75.9920193,2026-06-24 10:18
Brahminy Kite,1.0,10.6729261,75.9920193,2026-06-24 10:18
Indian Robin,2.0,20.9781241,77.7672715,2026-06-24 10:16
Laughing Dove,1.0,20.9781241,77.7672715,2026-06-24 10:16
White-breasted Waterhen,1.0,20.9781241,77.7672715,2026-06-24 10:16
Baya Weaver,4.0,20.9781241,77.7672715,2026-06-24 10:16
Sarus Crane,2.0,27.2008071,77.8079261,2026-06-24 10:15
Indian Spotted Eagle,1.0,27.2008071,77.8079261,2026-06-24 10:15
Little Grebe,2.0,12.9344534,77.429113,2026-06-24 10:12
Large Gray Babbler,1.0,12.9344534,77.429113,2026-06-24 10:12
Spotted Dove,1.0,12.9344534,77.429113,2026-06-24 10:12
Eurasian Moorhen,1.0,12.9344534,77.429113,2026-06-24 10:12
Indian Cuckoo,1.0,14.5262194,79.0132642,2026-06-24 10:11
Oriental Honey-buzzard,1.0,14.5262194,79.0132642,2026-06-24 10:11
Eastern Red-rumped Swallow,1.0,14.5262194,79.0132642,2026-06-24 10:11
White-browed Fantail,1.0,14.5262194,79.0132642,2026-06-24 10:11
Jungle Babbler,4.0,23.040706,72.52723,2026-06-24 10:08
Purple Sunbird,4.0,23.040706,72.52723,2026-06-24 10:08
Black Drongo,1.0,23.040706,72.52723,2026-06-24 10:08
Rose-ringed Parakeet,9.0,23.040706,72.52723,2026-06-24 10:08
Coppersmith Barbet,4.0,23.040706,72.52723,2026-06-24 10:08
Gull-billed Tern,1.0,19.4621836,72.744758,2026-06-24 10:05
Small Minivet,2.0,11.0956982,76.7250643,2026-06-24 10:05
Asian Palm Swift,4.0,19.4621836,72.744758,2026-06-24 10:05
Red-whiskered Bulbul,3.0,11.0956982,76.7250643,2026-06-24 10:05
Brown-capped Pygmy Woodpecker,1.0,11.0956982,76.7250643,2026-06-24 10:05
White-browed Bulbul,2.0,11.0956982,76.7250643,2026-06-24 10:05
House Crow,10.0,19.4621836,72.744758,2026-06-24 10:05
Asian Green Bee-eater,2.0,11.0956982,76.7250643,2026-06-24 10:05
Brown-headed Barbet,2.0,11.0956982,76.7250643,2026-06-24 10:05
Malabar Parakeet,1.0,11.0956982,76.7250643,2026-06-24 10:05
Pale-billed Flowerpecker,1.0,17.364398,78.529654,2026-06-24 10:02
Shikra,1.0,17.364398,78.529654,2026-06-24 10:02
Crimson-backed Sunbird,2.0,12.2207289,75.7353586,2026-06-24 10:00
Heart-spotted Woodpecker,1.0,12.2207289,75.7353586,2026-06-24 10:00
Greater Racket-tailed Drongo,1.0,12.2207289,75.7353586,2026-06-24 10:00
Rufous Babbler,3.0,12.2207289,75.7353586,2026-06-24 10:00
Jungle Myna,2.0,12.2207289,75.7353586,2026-06-24 10:00
Loten's Sunbird,1.0,12.2207289,75.7353586,2026-06-24 10:00
Malabar Woodshrike,4.0,12.2207289,75.7353586,2026-06-24 10:00
Black-throated Munia,3.0,12.2207289,75.7353586,2026-06-24 10:00
Vernal Hanging-Parrot,2.0,12.2207289,75.7353586,2026-06-24 10:00
Bronzed Drongo,2.0,12.2207289,75.7353586,2026-06-24 10:00
Malabar Barbet,2.0,12.2207289,75.7353586,2026-06-24 10:00
Mountain Tailorbird,1.0,28.0406517,93.7506298,2026-06-24 09:52
Blyth's Leaf Warbler,1.0,28.0406517,93.7506298,2026-06-24 09:52
Gray-headed Canary-Flycatcher,1.0,28.0406517,93.7506298,2026-06-24 09:52
Striated Bulbul,1.0,28.0406517,93.7506298,2026-06-24 09:52
White-naped Yuhina,3.0,28.0406517,93.7506298,2026-06-24 09:52
Indian Spot-billed Duck,3.0,28.6487921,77.3585439,2026-06-24 09:46
Red-naped Ibis,5.0,22.5307949,72.9860768,2026-06-24 09:40
Black-crowned Night Heron,1.0,22.5307949,72.9860768,2026-06-24 09:40
Great Cormorant,1.0,22.5307949,72.9860768,2026-06-24 09:40
Gray Francolin,1.0,22.5307949,72.9860768,2026-06-24 09:40
Red Collared-Dove,1.0,22.5307949,72.9860768,2026-06-24 09:40
Bronze-winged Jacana,1.0,10.6553933,76.51845,2026-06-24 09:36
Yellow-footed Green-Pigeon,4.0,10.6553933,76.51845,2026-06-24 09:36
Indian Cuckooshrike,1.0,10.6553933,76.51845,2026-06-24 09:36
Black-headed Ibis,6.0,10.6553933,76.51845,2026-06-24 09:36
Black-hooded Oriole,1.0,10.6553933,76.51845,2026-06-24 09:36
Black-naped Monarch,1.0,10.6553933,76.51845,2026-06-24 09:36
Common Hawk-Cuckoo,1.0,10.6553933,76.51845,2026-06-24 09:36
Rufous-winged Fulvetta,1.0,28.0406517,93.7506298,2026-06-24 09:33
Rusty-fronted Barwing,1.0,28.0406517,93.7506298,2026-06-24 09:33
Streak-breasted Scimitar-Babbler,1.0,28.0406517,93.7506298,2026-06-24 09:33
Gray-hooded Warbler,1.0,28.0406517,93.7506298,2026-06-24 09:33
Medium Egret,1.0,13.0446811,77.4993325,2026-06-24 09:28
Scaly-breasted Munia,2.0,13.0446811,77.4993325,2026-06-24 09:28
Common Hoopoe,1.0,13.0446811,77.4993325,2026-06-24 09:28
Indian Gray Hornbill,2.0,13.0446811,77.4993325,2026-06-24 09:28
Western Reef-Heron,30.0,19.4621836,72.744758,2026-06-24 09:27
White-tailed Robin,1.0,28.0515293,93.7518444,2026-06-24 09:24
Chestnut-crowned Warbler,1.0,28.0515293,93.7518444,2026-06-24 09:24
Small Niltava,1.0,28.0515293,93.7518444,2026-06-24 09:24
Green-tailed Sunbird,1.0,28.0515293,93.7518444,2026-06-24 09:24
Lesser Cuckoo,1.0,28.0515293,93.7518444,2026-06-24 09:24
Malabar Gray Hornbill,2.0,8.7171927,77.0576339,2026-06-24 09:21
Pied Bushchat,1.0,11.134407,77.3260098,2026-06-24 09:20
Indian Golden Oriole,2.0,17.2622006,78.6795359,2026-06-24 09:20
Gray-winged Blackbird,2.0,29.3593087,79.5303478,2026-06-24 09:18
Red-billed Leiothrix,3.0,29.3593087,79.5303478,2026-06-24 09:18
Himalayan Bulbul,2.0,29.3593087,79.5303478,2026-06-24 09:18
Tickell's Thrush,1.0,29.3593087,79.5303478,2026-06-24 09:18
Rusty-cheeked Scimitar-Babbler,3.0,29.3593087,79.5303478,2026-06-24 09:18
Pied Cuckoo,1.0,10.188111,77.7121829,2026-06-24 09:13
Bank Myna,14.0,27.552549,75.2529496,2026-06-24 09:08
White-browed Wagtail,1.0,27.552549,75.2529496,2026-06-24 09:08
Blue-throated Barbet,1.0,26.1419412,87.4545209,2026-06-24 09:07
Blue-faced Malkoha,1.0,13.1948606,77.5059821,2026-06-24 09:06
Tickell's Blue Flycatcher,1.0,17.42143,78.334676,2026-06-24 09:05
Gray-breasted Prinia,1.0,17.07657,73.608247,2026-06-24 09:04
Cinnamon Bittern,1.0,13.6693679,75.5229388,2026-06-24 09:04
Gray-headed Swamphen,2.0,22.934013,72.596828,2026-06-24 08:58
Eurasian Coot,2.0,22.934013,72.596828,2026-06-24 08:58
Stork-billed Kingfisher,2.0,14.5541009,74.7844386,2026-06-24 08:56
Puff-throated Babbler,1.0,14.5541009,74.7844386,2026-06-24 08:56
Indian Scimitar-Babbler,1.0,14.5541009,74.7844386,2026-06-24 08:56
Indian Pitta,2.0,17.5224045,73.5191962,2026-06-24 08:55
Caspian Tern,1.0,19.4621836,72.744758,2026-06-24 08:54
White-rumped Munia,1.0,22.4428579,88.3900283,2026-06-24 08:51
Indian Silverbill,4.0,29.1317392,77.0571774,2026-06-24 08:45
Black Francolin,1.0,30.3224368,77.996998,2026-06-24 08:42
White-throated Fantail,1.0,30.3224368,77.996998,2026-06-24 08:42
Oriental Darter,1.0,12.9152099,77.5286615,2026-06-24 08:39
Brown-cheeked Fulvetta,2.0,15.9449859,74.0056463,2026-06-24 08:39
Great Barbet,,30.7469442,77.8494134,2026-06-24 08:37
Streaked Laughingthrush,,30.7469442,77.8494134,2026-06-24 08:37
Rock Bunting,,30.7469442,77.8494134,2026-06-24 08:37
Rufous Sibia,,30.7469442,77.8494134,2026-06-24 08:37
Fire-breasted Flowerpecker,,30.7469442,77.8494134,2026-06-24 08:37
Green-backed Tit,,30.7469442,77.8494134,2026-06-24 08:37
Glossy Ibis,5.0,12.9053257,80.1830417,2026-06-24 08:36
Common Babbler,1.0,23.0228217,72.4588201,2026-06-24 08:35
Painted Stork,1.0,23.0228217,72.4588201,2026-06-24 08:35
Jerdon's Leafbird,1.0,10.628083,76.619109,2026-06-24 08:30
Blue-tailed Bee-eater,5.0,28.5131127,77.3970837,2026-06-24 08:29
Brown Rock Chat,1.0,28.5131127,77.3970837,2026-06-24 08:29
Zitting Cisticola,1.0,11.1677325,77.0040776,2026-06-24 08:27
Eurasian Tree Sparrow,6.0,26.4065753,90.2693051,2026-06-24 08:26
Chestnut-tailed Starling,5.0,26.4065753,90.2693051,2026-06-24 08:26
Common Kingfisher,1.0,26.4065753,90.2693051,2026-06-24 08:26
Changeable Hawk-Eagle,1.0,9.9662657,76.2850767,2026-06-24 08:25
Gray Heron,3.0,12.9607106,77.4255104,2026-06-24 08:19
Black-winged Kite,1.0,12.9607106,77.4255104,2026-06-24 08:19
Purple Heron,1.0,12.9607106,77.4255104,2026-06-24 08:19
Indian Blue Robin,2.0,31.0346015,78.7504247,2026-06-24 08:17
Brownish-flanked Bush Warbler,3.0,31.0346015,78.7504247,2026-06-24 08:17
Ultramarine Flycatcher,2.0,31.0346015,78.7504247,2026-06-24 08:17
Lemon-rumped Warbler,4.0,31.0346015,78.7504247,2026-06-24 08:17
Blue Whistling-Thrush,1.0,31.0346015,78.7504247,2026-06-24 08:17
Blue-capped Rock-Thrush,1.0,31.0346015,78.7504247,2026-06-24 08:17
Buff-barred Warbler,3.0,31.0346015,78.7504247,2026-06-24 08:17
Western Crowned Warbler,2.0,31.0346015,78.7504247,2026-06-24 08:17
Fork-tailed Drongo-Cuckoo,1.0,20.0837317,73.5258155,2026-06-24 08:15
Jungle Prinia,1.0,20.0837317,73.5258155,2026-06-24 08:15
Yellow-eyed Babbler,1.0,20.0837317,73.5258155,2026-06-24 08:15
Blue-cheeked Bee-eater,1.0,23.0750139,72.4390304,2026-06-24 08:15
Blue-winged Minla,1.0,28.0406517,93.7506298,2026-06-24 08:15
Paddyfield Pipit,1.0,20.0837317,73.5258155,2026-06-24 08:15
Ashy Woodswallow,4.0,12.9582534,77.725581,2026-06-24 08:15
Black Bittern,1.0,23.2331123,77.3684692,2026-06-24 08:12
Tricolored Munia,3.0,23.2331123,77.3684692,2026-06-24 08:12
Pheasant-tailed Jacana,3.0,23.2331123,77.3684692,2026-06-24 08:12
Crested Treeswift,2.0,23.2331123,77.3684692,2026-06-24 08:12
Pied Kingfisher,1.0,23.2331123,77.3684692,2026-06-24 08:12
Black-headed Cuckooshrike,2.0,23.2331123,77.3684692,2026-06-24 08:12
Common Woodshrike,1.0,23.2331123,77.3684692,2026-06-24 08:12
Great Egret,2.0,23.2331123,77.3684692,2026-06-24 08:12
Indian Pied Starling,1.0,20.264619,85.8115261,2026-06-24 08:11
River Tern,10.0,21.3022239,77.5686672,2026-06-24 08:07
White-bellied Minivet,2.0,21.3022239,77.5686672,2026-06-24 08:07
Indian Bushlark,4.0,21.3022239,77.5686672,2026-06-24 08:07
Asian Woolly-necked Stork,1.0,21.3022239,77.5686672,2026-06-24 08:07
Small Pratincole,18.0,21.3022239,77.5686672,2026-06-24 08:07
Little Ringed Plover,3.0,21.3022239,77.5686672,2026-06-24 08:07
Indian Paradise-Flycatcher,2.0,21.3022239,77.5686672,2026-06-24 08:07
Wood Sandpiper,1.0,21.3022239,77.5686672,2026-06-24 08:07
Greater Painted-Snipe,1.0,21.3022239,77.5686672,2026-06-24 08:07
Spotted Owlet,2.0,13.0578957,77.639652,2026-06-24 08:05
Brown Dipper,2.0,31.674901,77.4874775,2026-06-24 08:02
Plum-headed Parakeet,3.0,8.451408,77.4083485,2026-06-24 08:02
Scaly-breasted Cupwing,3.0,31.674901,77.4874775,2026-06-24 08:02
Large Hawk-Cuckoo,2.0,31.674901,77.4874775,2026-06-24 08:02
Slaty-headed Parakeet,3.0,31.674901,77.4874775,2026-06-24 08:02
Oriental Turtle-Dove,2.0,31.674901,77.4874775,2026-06-24 08:02
Plumbeous Redstart,4.0,31.674901,77.4874775,2026-06-24 08:02
Speckled Wood-Pigeon,1.0,31.674901,77.4874775,2026-06-24 08:02
Black-and-yellow Grosbeak,3.0,31.674901,77.4874775,2026-06-24 08:02
Yellow-billed Blue-Magpie,2.0,31.674901,77.4874775,2026-06-24 08:02
Knob-billed Duck,13.0,24.902889,75.882269,2026-06-24 07:58
White-bellied Drongo,1.0,24.902889,75.882269,2026-06-24 07:58
Red-headed Vulture,1.0,24.902889,75.882269,2026-06-24 07:58
Indian Vulture,3.0,24.902889,75.882269,2026-06-24 07:58
Asian Brown Flycatcher,4.0,24.902889,75.882269,2026-06-24 07:58
Cotton Pygmy-Goose,12.0,24.902889,75.882269,2026-06-24 07:58
Lineated Barbet,2.0,22.443678,88.4176812,2026-06-24 07:57
Streak-throated Swallow,3.0,23.2331123,77.3684692,2026-06-24 07:55
Crested Bunting,4.0,23.2331123,77.3684692,2026-06-24 07:55
Painted Francolin,1.0,23.2331123,77.3684692,2026-06-24 07:55
Little Heron,2.0,23.2331123,77.3684692,2026-06-24 07:55
Whiskered Tern,3.0,9.9275884,78.1553137,2026-06-24 07:53
Lesser Crested Tern,2.0,13.6322991,74.6692424,2026-06-24 07:52
Great Crested Tern,25.0,13.6322991,74.6692424,2026-06-24 07:52
Crested Serpent-Eagle,2.0,22.558379,78.1480908,2026-06-24 07:50
Gray Junglefowl,2.0,8.451408,77.4083485,2026-06-24 07:49
Gray-headed Woodpecker,1.0,29.6068713,79.6446367,2026-06-24 07:48
Spotted Forktail,1.0,29.6068713,79.6446367,2026-06-24 07:48
Himalayan Prinia,2.0,29.6068713,79.6446367,2026-06-24 07:48
Brown-fronted Woodpecker,1.0,29.6068713,79.6446367,2026-06-24 07:48
Gray Bushchat,2.0,29.6068713,79.6446367,2026-06-24 07:48
Crested Kingfisher,1.0,29.6068713,79.6446367,2026-06-24 07:48
Gray Treepie,2.0,29.6068713,79.6446367,2026-06-24 07:48
Long-tailed Minivet,2.0,29.6068713,79.6446367,2026-06-24 07:48
Wedge-tailed Green-Pigeon,2.0,29.6068713,79.6446367,2026-06-24 07:48
Verditer Flycatcher,2.0,29.6068713,79.6446367,2026-06-24 07:48
Black-throated Tit,2.0,29.6068713,79.6446367,2026-06-24 07:48
Bar-tailed Treecreeper,2.0,29.6068713,79.6446367,2026-06-24 07:48
Long-tailed Shrike,2.0,29.6068713,79.6446367,2026-06-24 07:48
White-bellied Treepie,4.0,8.451408,77.4083485,2026-06-24 07:45
Red Junglefowl,1.0,29.6565833,79.67681,2026-06-24 07:43
Barn Swallow,3.0,29.6565833,79.67681,2026-06-24 07:43
Coal Tit,2.0,29.6565833,79.67681,2026-06-24 07:43
Scarlet Minivet,1.0,29.6565833,79.67681,2026-06-24 07:43
Gray-capped Pygmy Woodpecker,1.0,29.6565833,79.67681,2026-06-24 07:43
Himalayan Woodpecker,1.0,29.6565833,79.67681,2026-06-24 07:43
Lesser Yellownape,3.0,29.6565833,79.67681,2026-06-24 07:43
Silver-eared Mesia,1.0,28.0384318,93.7513692,2026-06-24 07:42
Indian Roller,1.0,21.5248681,80.1462388,2026-06-24 07:42
Ashy Drongo,2.0,28.0384318,93.7513692,2026-06-24 07:42
Black-throated Sunbird,4.0,28.0384318,93.7513692,2026-06-24 07:42
Black-faced Warbler,1.0,28.0384318,93.7513692,2026-06-24 07:42
Bay Woodpecker,1.0,28.038287,93.7511214,2026-06-24 07:42
Golden Babbler,1.0,28.0384318,93.7513692,2026-06-24 07:42
Common Cuckoo,1.0,28.0384318,93.7513692,2026-06-24 07:42
Jungle Owlet,2.0,21.8378522,79.7915623,2026-06-24 07:38
Yellow-wattled Lapwing,13.0,21.8378522,79.7915623,2026-06-24 07:38
Nilgiri Wood-Pigeon,1.0,13.3699596,77.6831734,2026-06-24 07:38
Tawny-bellied Babbler,2.0,13.3699596,77.6831734,2026-06-24 07:38
Jerdon's Bushlark,1.0,12.9052908,77.7137446,2026-06-24 07:37
Chestnut-crowned Laughingthrush,2.0,30.5243061,79.5639478,2026-06-24 07:37
Malabar Whistling-Thrush,4.0,18.6627687,73.4718901,2026-06-24 07:32
Orange Minivet,1.0,18.6627687,73.4718901,2026-06-24 07:32
Rufous-fronted Prinia,,23.00429,69.3099083,2026-06-24 07:30
Red Avadavat,4.0,27.1347624,77.7287059,2026-06-24 07:30
Egyptian Vulture,3.0,27.1347624,77.7287059,2026-06-24 07:30
Oriental Skylark,1.0,23.4591352,85.3059489,2026-06-24 07:28
Vigors's Sunbird,2.0,18.9655956,73.196877,2026-06-24 07:25
Asian Emerald Dove,1.0,15.4498217,74.2100117,2026-06-24 07:21
Orange-headed Thrush,2.0,15.4498217,74.2100117,2026-06-24 07:21
White-rumped Shama,1.0,15.4498217,74.2100117,2026-06-24 07:21
Striated Babbler,5.0,28.79426,77.20089,2026-06-24 07:19
Delicate Prinia,7.0,28.79426,77.20089,2026-06-24 07:19
River Lapwing,1.0,28.79426,77.20089,2026-06-24 07:19
Ruff,6.0,28.79426,77.20089,2026-06-24 07:19
Black-breasted Weaver,20.0,28.79426,77.20089,2026-06-24 07:19
Yellow-bellied Prinia,3.0,28.79426,77.20089,2026-06-24 07:19
Indian Scops-Owl,1.0,8.451408,77.4083485,2026-06-24 07:19
Southern Hill Myna,14.0,8.451408,77.4083485,2026-06-24 07:19
Barred Buttonquail,1.0,28.79426,77.20089,2026-06-24 07:19
White-eared Bulbul,2.0,23.028152,72.4561482,2026-06-24 07:18
Russet Sparrow,9.0,34.03386,75.303805,2026-06-24 07:17
Rusty-tailed Flycatcher,1.0,34.03386,75.303805,2026-06-24 07:17
Lesser Necklaced Laughingthrush,4.0,27.1431428,88.562408,2026-06-24 07:17
White Wagtail,3.0,34.03386,75.303805,2026-06-24 07:17
Asian Emerald Cuckoo,2.0,27.1431428,88.562408,2026-06-24 07:17
Striated Laughingthrush,2.0,27.1431428,88.562408,2026-06-24 07:17
Black Bulbul,10.0,27.1431428,88.562408,2026-06-24 07:17
Orange-bellied Leafbird,1.0,27.1431428,88.562408,2026-06-24 07:17
Indian Blackbird,1.0,11.4186585,76.7109237,2026-06-24 07:17
Common Green-Magpie,1.0,27.1431428,88.562408,2026-06-24 07:17
Maroon Oriole,2.0,27.1431428,88.562408,2026-06-24 07:17
White-crested Laughingthrush,5.0,30.272339,78.071967,2026-06-24 07:00
Watercock,2.0,10.333733,76.206402,2026-06-24 07:00
Hair-crested Drongo,10.0,30.272339,78.071967,2026-06-24 07:00
Indian Thick-knee,2.0,19.96312,73.7218682,2026-06-24 06:57
Lesser Whitethroat,1.0,34.1466691,77.5787734,2026-06-24 06:55
Mountain Chiffchaff,2.0,34.1466691,77.5787734,2026-06-24 06:55
Great Thick-knee,1.0,22.72681,74.285739,2026-06-24 06:43
Brown Boobook,,21.385675,79.3640583,2026-06-24 06:43
Chestnut-bellied Nuthatch,2.0,29.8023066,80.0570822,2026-06-24 06:41
Yellow Bittern,2.0,16.5581185,81.4962098,2026-06-24 06:39
Ruddy-breasted Crake,1.0,16.5581185,81.4962098,2026-06-24 06:39
Hill Partridge,1.0,31.8604279,77.1082735,2026-06-24 06:38
Indian Nightjar,1.0,19.0028673,76.3794846,2026-06-24 06:35
Rain Quail,1.0,19.0028673,76.3794846,2026-06-24 06:35
Painted Sandgrouse,1.0,19.0028673,76.3794846,2026-06-24 06:35
Sind Sparrow,1.0,30.6879007,76.6803325,2026-06-24 06:33
Crested Lark,4.0,30.6879007,76.6803325,2026-06-24 06:33
Ashy-crowned Sparrow-Lark,2.0,16.9115799,74.6089767,2026-06-24 06:32
Eurasian Spoonbill,1.0,23.1383733,72.408779,2026-06-24 06:30
Greater Flamingo,20.0,23.1383733,72.408779,2026-06-24 06:30
Malabar Flameback,4.0,11.9448988,76.2369991,2026-06-24 06:30
Clamorous Reed Warbler,1.0,12.8713006,77.6042891,2026-06-24 06:29
Asian Fairy-bluebird,1.0,13.5698086,75.3323934,2026-06-24 06:27
Ruddy Shelduck,2.0,32.7885435,79.0043464,2026-06-24 06:25
Eurasian Kestrel,2.0,32.7885435,79.0043464,2026-06-24 06:25
Bearded Vulture,2.0,32.7885435,79.0043464,2026-06-24 06:25
Red-billed Chough,5.0,32.7885435,79.0043464,2026-06-24 06:25
Eurasian Skylark,1.0,32.7885435,79.0043464,2026-06-24 06:25
Black-necked Crane,4.0,32.7885435,79.0043464,2026-06-24 06:25
Desert Wheatear,1.0,32.7885435,79.0043464,2026-06-24 06:25
Twite,2.0,32.7885435,79.0043464,2026-06-24 06:25
Black-winged Snowfinch,1.0,32.7885435,79.0043464,2026-06-24 06:25
Bay-backed Shrike,1.0,21.8223409,79.7906235,2026-06-24 06:24
Yellow-throated Sparrow,12.0,21.8223409,79.7906235,2026-06-24 06:24
Green Imperial-Pigeon,2.0,10.0988814,76.3289523,2026-06-24 06:13
Yellow-crowned Woodpecker,1.0,23.2331123,77.3684692,2026-06-24 06:10
Asian Barred Owlet,2.0,29.6984217,79.703265,2026-06-24 06:07
Himalayan Black-lored Tit,3.0,29.6984217,79.703265,2026-06-24 06:07
Speckled Piculet,1.0,29.6984217,79.703265,2026-06-24 06:07
Black-chinned Babbler,3.0,29.6984217,79.703265,2026-06-24 06:07
White-throated Laughingthrush,15.0,29.6984217,79.703265,2026-06-24 06:07
Black-winged Cuckooshrike,1.0,29.6984217,79.703265,2026-06-24 06:07
Kalij Pheasant,6.0,29.6984217,79.703265,2026-06-24 06:07
Mistle Thrush,1.0,29.6984217,79.703265,2026-06-24 06:07
Crimson Sunbird,2.0,29.6984217,79.703265,2026-06-24 06:07
Greater Yellownape,3.0,29.6984217,79.703265,2026-06-24 06:07
Black-headed Jay,5.0,29.6984217,79.703265,2026-06-24 06:07
Rufous-bellied Niltava,1.0,29.6984217,79.703265,2026-06-24 06:07
White-tailed Nuthatch,1.0,29.36391,79.5380789,2026-06-24 06:05
Red-billed Blue-Magpie,3.0,29.36391,79.5380789,2026-06-24 06:05
Rufous-chinned Laughingthrush,1.0,29.36391,79.5380789,2026-06-24 06:05
Malabar Pied-Hornbill,3.0,15.9949101,73.6232268,2026-06-24 06:04
Tawny Lark,1.0,16.8861851,75.7099525,2026-06-24 06:04
Himalayan Swiftlet,4.0,32.246309,76.308533,2026-06-24 06:00
Blyth's Swift,2.0,32.246309,76.308533,2026-06-24 06:00
Mallard,4.0,34.1334891,74.8707949,2026-06-24 05:57
Eurasian Jackdaw,8.0,34.1334891,74.8707949,2026-06-24 05:57
Short-toed Snake-Eagle,1.0,13.1710076,77.4644494,2026-06-24 05:45
Eurasian Magpie,4.0,34.1727581,77.5777955,2026-06-24 05:45
Common Rosefinch,3.0,34.1727581,77.5777955,2026-06-24 05:45
White-eyed Buzzard,1.0,13.1710076,77.4644494,2026-06-24 05:45
Black Redstart,1.0,34.1727581,77.5777955,2026-06-24 05:45
Fulvous-breasted Woodpecker,2.0,23.735462,91.2671185,2026-06-24 05:22
Rufous-necked Laughingthrush,2.0,23.735462,91.2671185,2026-06-24 05:22
Yellow-breasted Greenfinch,1.0,31.503468,77.3537171,2026-06-24 05:22
Himalayan Owl,1.0,31.503468,77.3537171,2026-06-24 05:22
Southern Nutcracker,1.0,31.503468,77.3537171,2026-06-24 05:22
Red-breasted Parakeet,50.0,23.735462,91.2671185,2026-06-24 05:22
White-cheeked Nuthatch,1.0,31.54404,78.24646,2026-06-24 04:56
Rufous-naped Tit,1.0,31.54404,78.24646,2026-06-24 04:56
Eastern Barn Owl,2.0,8.1816626,77.4343795,2026-06-24 01:10
Mottled Wood-Owl,1.0,10.6729261,75.9920193,2026-06-23 22:17
Sri Lanka Frogmouth,1.0,11.0963984,76.2622513,2026-06-23 21:35
Red-necked Falcon,1.0,12.8324866,80.2186462,2026-06-23 20:05
Greater Flameback,1.0,31.034118,77.074855,2026-06-23 18:57
Ashy Bulbul,1.0,29.375187,79.331977,2026-06-23 18:44
Black Eagle,1.0,29.375187,79.331977,2026-06-23 18:44
Bluethroat,2.0,34.1209068,77.5281035,2026-06-23 18:29
Golden-fronted Leafbird,3.0,12.5958089,78.6290587,2026-06-23 18:22
Oriental Pied-Hornbill,2.0,30.286355,77.9744017,2026-06-23 18:20
Spot-billed Pelican,21.0,9.69474,76.459894,2026-06-23 18:13
Green Sandpiper,1.0,34.1300484,77.5152146,2026-06-23 18:05
Bengal Bushlark,2.0,26.2682143,87.3490823,2026-06-23 17:47
Bar-winged Flycatcher-shrike,2.0,29.8080321,78.5786827,2026-06-23 17:40
Blue-throated Flycatcher,2.0,29.8080321,78.5786827,2026-06-23 17:40
Long-tailed Broadbill,2.0,29.8080321,78.5786827,2026-06-23 17:40
Black-crested Bulbul,2.0,29.8080321,78.5786827,2026-06-23 17:40
Square-tailed Drongo-Cuckoo,2.0,29.8080321,78.5786827,2026-06-23 17:40
White-tailed Iora,2.0,11.732,78.316,2026-06-23 17:38
Cheer Pheasant,2.0,29.63051,79.670459,2026-06-23 17:31
Upland Pipit,2.0,29.63051,79.670459,2026-06-23 17:31
White-winged Redstart,1.0,32.7782812,78.9833092,2026-06-23 17:23
Horned Lark,2.0,32.7782812,78.9833092,2026-06-23 17:23
Bar-headed Goose,6.0,32.7782812,78.9833092,2026-06-23 17:23
Tibetan Lark,2.0,32.7782812,78.9833092,2026-06-23 17:23
Citrine Wagtail,3.0,32.7782812,78.9833092,2026-06-23 17:23
Hill Pigeon,1.0,32.7782812,78.9833092,2026-06-23 17:23
Tibetan Sand-Plover,1.0,32.7782812,78.9833092,2026-06-23 17:23
Gray-throated Martin,2.0,28.7389515,77.2288935,2026-06-23 17:17
Sand Lark,1.0,28.7389515,77.2288935,2026-06-23 17:17
Little Tern,1.0,28.7389515,77.2288935,2026-06-23 17:17
White-naped Woodpecker,1.0,21.863775,79.334214,2026-06-23 17:16
White-capped Redstart,1.0,31.6709268,77.4798651,2026-06-23 17:11
Jungle Bush-Quail,8.0,27.2592754,76.4612045,2026-06-23 17:09
Savanna Nightjar,8.0,27.2592754,76.4612045,2026-06-23 17:09
Robin Accentor,1.0,33.7738679,78.3775377,2026-06-23 17:04
Eurasian Curlew,2.0,8.7731621,78.1582883,2026-06-23 17:03
Rufous-bellied Woodpecker,1.0,29.4286464,79.4231915,2026-06-23 16:42
Eurasian Jay,1.0,29.4286464,79.4231915,2026-06-23 16:42
Chestnut-bellied Rock-Thrush,1.0,29.4286464,79.4231915,2026-06-23 16:42
Red Spurfowl,1.0,24.5924815,72.7230618,2026-06-23 16:37
Large Niltava,4.0,27.9969539,93.7787529,2026-06-23 16:36
Scaly Thrush,1.0,29.423152,79.426421,2026-06-23 16:35
Common Hill Myna,2.0,26.7718593,88.3624363,2026-06-23 16:33
White-rumped Vulture,17.0,22.158897,80.6633377,2026-06-23 16:33
Yellow-vented Flowerpecker,1.0,26.7718593,88.3624363,2026-06-23 16:33
Blue-eared Kingfisher,1.0,17.641555,73.4398783,2026-06-23 16:33
Plain Flowerpecker,1.0,26.7718593,88.3624363,2026-06-23 16:33
Common Pochard,1.0,34.1357604,77.5033986,2026-06-23 16:32
Red-crested Pochard,16.0,34.1357604,77.5033986,2026-06-23 16:32
Pallas's Gull,1.0,33.9086963,78.2786557,2026-06-23 16:28
White-throated Tit,2.0,31.6412112,77.3865004,2026-06-23 16:19
Gray-crested Tit,2.0,31.6412112,77.3865004,2026-06-23 16:19
Variegated Laughingthrush,1.0,30.4115881,78.2889068,2026-06-23 16:05
Rufous Woodpecker,2.0,13.0249934,74.7954711,2026-06-23 16:03
Spot-winged Grosbeak,7.0,30.077099,80.2331625,2026-06-23 15:42
Whiskered Yuhina,5.0,30.077099,80.2331625,2026-06-23 15:42
Chestnut-headed Bee-eater,3.0,10.7940298,76.6100478,2026-06-23 15:15
White-bellied Sea-Eagle,1.0,17.4817742,73.2218825,2026-06-23 15:13
Ibisbill,1.0,33.8145253,75.252099,2026-06-23 15:04
Great Hornbill,2.0,29.337228,79.327399,2026-06-23 15:03
Streak-throated Woodpecker,1.0,11.9448988,76.2369991,2026-06-23 15:00
Malabar Starling,4.0,11.9448988,76.2369991,2026-06-23 15:00
Black-throated Prinia,3.0,27.488885,93.8701917,2026-06-23 14:49
Himalayan Cuckoo,1.0,30.524219,79.093399,2026-06-23 14:35
Collared Falconet,1.0,26.8340995,88.3419335,2026-06-23 14:24
White-capped Bunting,1.0,34.188002,74.828222,2026-06-23 14:12
Siberian Stonechat,1.0,34.188002,74.828222,2026-06-23 14:12
European Bee-eater,4.0,34.188002,74.828222,2026-06-23 14:12
Koklass Pheasant,1.0,30.495534,79.181615,2026-06-23 14:06
Himalayan Monal,1.0,30.495534,79.181615,2026-06-23 14:06
White-collared Blackbird,2.0,30.495534,79.181615,2026-06-23 14:06
Square-tailed Bulbul,3.0,8.451408,77.4083485,2026-06-23 13:11
Upland Buzzard,1.0,32.7885435,79.0043464,2026-06-23 13:05
Eurasian Eagle-Owl,1.0,32.7885435,79.0043464,2026-06-23 13:05
Common Merganser,5.0,32.7885435,79.0043464,2026-06-23 13:05
Common Redshank,2.0,32.7885435,79.0043464,2026-06-23 13:05
Common Raven,2.0,32.7885435,79.0043464,2026-06-23 13:05
Terek Sandpiper,1.0,19.3708002,72.7619952,2026-06-23 12:33
Hill Swallow,3.0,11.3215847,76.5982119,2026-06-23 12:33
Nilgiri Flowerpecker,1.0,10.11754,76.67223,2026-06-23 12:15
Indian Yellow Tit,1.0,13.5338606,75.3674254,2026-06-23 12:03
Black-backed Dwarf-Kingfisher,1.0,17.4707848,73.2196843,2026-06-23 11:50
Yellow-browed Bulbul,3.0,15.9623193,73.9976835,2026-06-23 11:30
Blue-bearded Bee-eater,2.0,15.722163,73.9789027,2026-06-23 11:15
Collared Owlet,1.0,30.5300999,79.5615732,2026-06-23 11:05
Greenish Warbler,1.0,33.828174,77.6728774,2026-06-23 10:39
Chukar,1.0,33.828174,77.6728774,2026-06-23 10:39
Brown Accentor,2.0,34.2232684,77.8561314,2026-06-23 10:37
Tibetan Partridge,2.0,34.2232684,77.8561314,2026-06-23 10:37
Great Crested Grebe,1.0,33.9086963,78.2786557,2026-06-23 10:36
Palani Laughingthrush,3.0,10.2504341,77.4820571,2026-06-23 10:33
Chestnut-tailed Minla,6.0,30.4826812,79.2230344,2026-06-23 10:30
Stripe-throated Yuhina,7.0,30.4826812,79.2230344,2026-06-23 10:30
Lesser Adjutant,1.0,23.2232589,85.0662397,2026-06-23 10:30
European Roller,1.0,34.4845234,74.3931691,2026-06-23 10:06
Himalayan Griffon,2.0,32.2530413,76.3255942,2026-06-23 09:55
Mountain Scops-Owl,1.0,27.229597,88.594603,2026-06-23 09:54
Eurasian Crag-Martin,1.0,33.2691205,78.4687972,2026-06-23 09:53
Bonelli's Eagle,1.0,10.9362234,76.9714879,2026-06-23 09:29
Western Tragopan,2.0,31.638198,77.4289678,2026-06-23 09:28
Himalayan Bluetail,2.0,31.638198,77.4289678,2026-06-23 09:28
Rufous-gorgeted Flycatcher,2.0,31.638198,77.4289678,2026-06-23 09:28
Slaty-blue Flycatcher,1.0,31.638198,77.4289678,2026-06-23 09:28
Velvet-fronted Nuthatch,1.0,17.8538611,81.6543624,2026-06-23 09:17
Pink-browed Rosefinch,1.0,31.0284725,78.747485,2026-06-23 08:55
Himalayan Buzzard,1.0,31.0284725,78.747485,2026-06-23 08:55
Rock Bush-Quail,5.0,21.9081701,77.1298149,2026-06-23 08:46
Indian Courser,2.0,8.4168476,77.7733111,2026-06-23 08:25
Chestnut-bellied Sandgrouse,15.0,8.4168476,77.7733111,2026-06-23 08:25
Plaintive Cuckoo,1.0,28.0269311,93.7577293,2026-06-23 08:19
Oriental Pratincole,17.0,20.1886825,79.3223015,2026-06-23 08:11
Hoary-throated Barwing,2.0,26.9946244,88.2854998,2026-06-23 08:06
Scaly Laughingthrush,1.0,26.9946244,88.2854998,2026-06-23 08:06
Whistler's Warbler,1.0,26.9946244,88.2854998,2026-06-23 08:06
Black-throated Parrotbill,5.0,26.9946244,88.2854998,2026-06-23 08:06
Gray-sided Laughingthrush,7.0,26.9946244,88.2854998,2026-06-23 08:06
Spotted Laughingthrush,3.0,26.9946244,88.2854998,2026-06-23 08:06
Rusty-flanked Treecreeper,2.0,26.9946244,88.2854998,2026-06-23 08:06
Aberrant Bush Warbler,2.0,26.9946244,88.2854998,2026-06-23 08:06
Oriental Scops-Owl,1.0,24.8387765,92.7414966,2026-06-23 08:00
Nilgiri Laughingthrush,,11.3352274,76.7109241,2026-06-23 08:00
Green-billed Malkoha,1.0,24.8387765,92.7414966,2026-06-23 08:00
Black-chinned Yuhina,5.0,28.0303997,93.7528976,2026-06-23 07:50
Golden-throated Barbet,1.0,28.0303997,93.7528976,2026-06-23 07:50
Nepal Fulvetta,1.0,28.0303997,93.7528976,2026-06-23 07:50
Plume-toed Swiftlet,2.0,11.6139771,92.7289029,2026-06-23 07:41
Andaman Coucal,1.0,11.6139771,92.7289029,2026-06-23 07:41
Thick-billed Flowerpecker,1.0,10.9362234,76.9714879,2026-06-23 07:39
Oriental Cuckooshrike,1.0,30.3224368,77.996998,2026-06-23 07:33
Banded Bay Cuckoo,1.0,19.3984921,73.266438,2026-06-23 07:33
Common Swift,4.0,34.1235704,77.5160048,2026-06-23 07:23
Fire-fronted Serin,50.0,34.1235704,77.5160048,2026-06-23 07:23
Mongolian Finch,24.0,34.1235704,77.5160048,2026-06-23 07:23
Gray-throated Babbler,3.0,28.0295824,93.7529798,2026-06-23 07:19
Yellow-throated Fulvetta,1.0,28.0295824,93.7529798,2026-06-23 07:19
Chestnut-eared Bunting,1.0,34.1078911,74.8772097,2026-06-23 07:18
European Starling,2.0,34.1078911,74.8772097,2026-06-23 07:18
Scaly-bellied Woodpecker,1.0,34.1078911,74.8772097,2026-06-23 07:18
Gray-headed Fish-Eagle,1.0,21.8257243,79.3192649,2026-06-23 07:16
Peregrine Falcon,1.0,22.2967083,77.9412569,2026-06-23 07:07
Graylag Goose,25.0,28.59253,77.22044,2026-06-23 06:32
Great Gray Shrike,2.0,23.2040375,68.8097334,2026-06-23 06:15
Golden Eagle,1.0,31.8604279,77.1082735,2026-06-23 06:10
Blue Rock-Thrush,1.0,34.2546326,77.8194116,2026-06-23 06:00
Wallcreeper,1.0,34.2546326,77.8194116,2026-06-23 06:00
Western House-Martin,4.0,34.2546326,77.8194116,2026-06-23 06:00
Gray Wagtail,1.0,30.3995312,78.0814192,2026-06-23 05:59
Painted Spurfowl,4.0,15.3363797,76.4604537,2026-06-23 05:45
Yellow-throated Bulbul,6.0,15.3363797,76.4604537,2026-06-23 05:45
Brown Crake,1.0,15.3363797,76.4604537,2026-06-23 05:45
Striated Grassbird,2.0,22.3626971,88.3906103,2026-06-23 05:32
Bristled Grassbird,1.0,22.3626971,88.3906103,2026-06-23 05:32
Nilgiri Flycatcher,1.0,11.382291,76.740213,2026-06-22 22:20
Jerdon's Nightjar,1.0,12.5958089,78.6290587,2026-06-22 21:35
Brown Fish-Owl,1.0,26.062108,76.4378339,2026-06-22 20:21
Lesser Flamingo,1.0,26.4766426,74.6209431,2026-06-22 19:38
Slaty-legged Crake,,19.067309,73.3836,2026-06-22 19:14
Streaked Weaver,1.0,28.4797633,76.9182658,2026-06-22 19:05
Black-necked Stork,2.0,28.9097575,77.2521552,2026-06-22 19:01
Dollarbird,2.0,30.2685192,78.0784607,2026-06-22 19:00
Common Sandpiper,5.0,22.993768,72.5563455,2026-06-22 18:01
White-browed Tit-Warbler,3.0,34.2778352,77.8518281,2026-06-22 18:00
Alpine Swift,1.0,34.158733,74.901763,2026-06-22 17:42
Tibetan Blackbird,4.0,34.158733,74.901763,2026-06-22 17:42
Pygmy Cupwing,1.0,30.077099,80.2331625,2026-06-22 17:41
Common Greenshank,1.0,26.4766426,74.6209431,2026-06-22 17:15
Chestnut-capped Babbler,1.0,26.6992864,92.8346336,2026-06-22 17:02
Rufous-tailed Lark,2.0,26.5384858,74.6804453,2026-06-22 17:00
Striated Yuhina,18.0,25.2809005,91.5733512,2026-06-22 16:59
Indian Nuthatch,1.0,11.561377,76.642934,2026-06-22 16:49
Barred Cuckoo-Dove,2.0,25.2567076,91.5688167,2026-06-22 16:49
Spot-throated Babbler,1.0,23.6668983,93.2867799,2026-06-22 16:29
Tawny Fish-Owl,2.0,29.3678412,79.5772307,2026-06-22 16:27
Crested Goshawk,1.0,15.7997987,73.8689649,2026-06-22 16:15
Rufous-crowned Prinia,2.0,23.6668983,93.2867799,2026-06-22 16:11
Gray-headed Parakeet,3.0,23.6668983,93.2867799,2026-06-22 16:11
Flavescent Bulbul,6.0,23.6668983,93.2867799,2026-06-22 16:11
Little Owl,3.0,33.3139945,77.9982948,2026-06-22 16:09
Brown-headed Gull,50.0,33.3139945,77.9982948,2026-06-22 16:09
Tibetan Sandgrouse,1.0,33.3139945,77.9982948,2026-06-22 16:09
Hume's Lark,1.0,33.3139945,77.9982948,2026-06-22 16:09
Blanford's Snowfinch,3.0,33.3139945,77.9982948,2026-06-22 16:09
Common Tern,4.0,33.3139945,77.9982948,2026-06-22 16:09
Ground Tit,4.0,33.3139945,77.9982948,2026-06-22 16:09
Kashmir Flycatcher,1.0,34.0819955,74.8401976,2026-06-22 15:50
White-throated Dipper,2.0,34.2557984,77.8680867,2026-06-22 15:50
Blue-naped Pitta,2.0,23.6668983,93.2867799,2026-06-22 15:47
Sultan Tit,3.0,27.2184997,88.6063251,2026-06-22 15:43
Greater Necklaced Laughingthrush,3.0,27.2184997,88.6063251,2026-06-22 15:43
Yellow-vented Warbler,2.0,27.2184997,88.6063251,2026-06-22 15:43
Yellow-bellied Warbler,2.0,27.2184997,88.6063251,2026-06-22 15:43
Lesser Coucal,3.0,29.1235366,79.4935162,2026-06-22 15:42
Himalayan Flameback,2.0,29.3787813,78.9249634,2026-06-22 15:40
Gray-crowned Goldfinch,3.0,31.559275,77.8819183,2026-06-22 15:30
Nepal House-Martin,5.0,23.6663234,93.2861483,2026-06-22 15:27
White-browed Shrike-Babbler,2.0,23.6663234,93.2861483,2026-06-22 15:27
Mountain Imperial-Pigeon,2.0,23.6663234,93.2861483,2026-06-22 15:27
Gray Sibia,3.0,23.6663234,93.2861483,2026-06-22 15:27
Striped Laughingthrush,2.0,23.6663234,93.2861483,2026-06-22 15:27
Chestnut-winged Cuckoo,1.0,26.8316068,88.3445056,2026-06-22 15:26
Large Woodshrike,2.0,26.8316068,88.3445056,2026-06-22 15:26
Chestnut-headed Tesia,1.0,31.638198,77.4289678,2026-06-22 15:19
Eurasian Sparrowhawk,1.0,31.638198,77.4289678,2026-06-22 15:19
Gray-sided Bush Warbler,1.0,31.638198,77.4289678,2026-06-22 15:19
Red-headed Bullfinch,2.0,31.638198,77.4289678,2026-06-22 15:19
Pin-striped Tit-Babbler,5.0,25.4600866,91.7643458,2026-06-22 15:15
Gray-fronted Green-Pigeon,1.0,17.3322422,73.3468905,2026-06-22 14:23
Yellow-billed Chough,1.0,34.3300206,75.5712427,2026-06-22 14:19
Ruddy Turnstone,2.0,9.1498052,79.4507707,2026-06-22 14:01
Great Myna,4.0,26.926382,92.642561,2026-06-22 13:30
Black-headed Mountain Finch,5.0,33.3605499,78.018985,2026-06-22 12:36
Great Rosefinch,3.0,33.3605499,78.018985,2026-06-22 12:36
Little Spiderhunter,1.0,14.734067,74.7581971,2026-06-22 12:05
Gray-bellied Tesia,1.0,27.3202467,88.169705,2026-06-22 12:03
Snowy-browed Flycatcher,1.0,27.3202467,88.169705,2026-06-22 12:03
Tawny Owl,1.0,33.939472,74.816502,2026-06-22 12:00
Malabar Trogon,3.0,15.6519558,74.116343,2026-06-22 11:37
Lesser Shortwing,1.0,25.3337735,91.5946537,2026-06-22 11:34
Spotted Elachura,1.0,25.3337735,91.5946537,2026-06-22 11:34
Black-tailed Godwit,1.0,21.4210489,72.683355,2026-06-22 11:30
Plain Mountain Finch,3.0,34.786929,76.974669,2026-06-22 11:13
Short-billed Minivet,2.0,28.8295581,95.8828478,2026-06-22 11:13
Little Pied Flycatcher,1.0,28.8295581,95.8828478,2026-06-22 11:13
Gray-cheeked Warbler,1.0,28.8295581,95.8828478,2026-06-22 11:13
Streaked Spiderhunter,1.0,28.8295581,95.8828478,2026-06-22 11:13
White-naped Tit,2.0,27.1260277,74.8257285,2026-06-22 11:08
Rufous-breasted Accentor,1.0,31.38349,78.35571,2026-06-22 10:57
Rusty-capped Fulvetta,3.0,25.3488849,91.6090771,2026-06-22 10:57
Assam Laughingthrush,2.0,25.3488849,91.6090771,2026-06-22 10:57
Kashmir Nuthatch,2.0,33.8278416,74.6701878,2026-06-22 10:46
Osprey,2.0,9.86137,76.27773,2026-06-22 10:45
Indian Swiftlet,20.0,10.2416739,77.4834893,2026-06-22 10:35
Snow Pigeon,2.0,32.438896,77.754488,2026-06-22 10:24
Abbott's Babbler,2.0,26.685077,91.0147801,2026-06-22 10:03
Western Hooded Pitta,2.0,26.685077,91.0147801,2026-06-22 10:03
Blyth's Paradise-Flycatcher,2.0,26.685077,91.0147801,2026-06-22 10:03
Spot-winged Starling,2.0,29.3409247,79.5324248,2026-06-22 10:03
Ruddy Kingfisher,2.0,26.685077,91.0147801,2026-06-22 10:03
Gray-lored Broadbill,4.0,26.685077,91.0147801,2026-06-22 10:03
House Swift,6.0,26.9742504,88.7006736,2026-06-22 09:30
Great Slaty Woodpecker,3.0,29.2843402,79.3480039,2026-06-22 09:28
Tawny-breasted Wren-Babbler,4.0,25.3754683,91.6383577,2026-06-22 09:23
Hume's Warbler,1.0,33.8278416,74.6701878,2026-06-22 09:10
Kashmir Nutcracker,1.0,33.8278416,74.6701878,2026-06-22 09:10
Tytler's Leaf Warbler,1.0,33.8278416,74.6701878,2026-06-22 09:10
Blue-capped Redstart,2.0,31.0037857,78.7031074,2026-06-22 08:39
Gray-headed Bulbul,2.0,15.4387049,74.2515046,2026-06-22 08:38
Sirkeer Malkoha,1.0,23.683638,86.130615,2026-06-22 08:26
Pied Wheatear,4.0,31.6603951,78.4436703,2026-06-22 08:17
Malabar Imperial-Pigeon,1.0,11.8255278,75.8502524,2026-06-22 08:16
Flame-throated Bulbul,1.0,11.8255278,75.8502524,2026-06-22 08:16
Besra,1.0,15.8071354,73.9522428,2026-06-22 07:59
Black-and-orange Flycatcher,1.0,11.4311633,76.8471912,2026-06-22 07:51
Goldcrest,1.0,33.8278416,74.6701878,2026-06-22 07:47
Ashy-headed Green-Pigeon,5.0,26.5787118,93.4073997,2026-06-22 07:25
Thick-billed Green-Pigeon,1.0,26.5787118,93.4073997,2026-06-22 07:25
White-throated Bulbul,1.0,26.5787118,93.4073997,2026-06-22 07:25
Blue-eared Barbet,2.0,26.5787118,93.4073997,2026-06-22 07:25
Black-backed Forktail,1.0,26.5787118,93.4073997,2026-06-22 07:25
Brown Wood-Owl,3.0,29.3531265,79.5259655,2026-06-22 07:20
White-bellied Sholakili,1.0,10.0874471,77.0907703,2026-06-22 07:19
Dark-sided Flycatcher,2.0,33.8278416,74.6701878,2026-06-22 07:16
Roseate Tern,2.0,9.1344856,76.4624728,2026-06-22 07:06
White-bellied Erpornis,2.0,28.0407517,95.3199359,2026-06-22 06:34
Spectacled Finch,5.0,31.2419142,77.5002718,2026-06-22 06:34
Ashy-throated Warbler,2.0,31.2419142,77.5002718,2026-06-22 06:34
Crested Finchbill,6.0,25.4460294,91.7487042,2026-06-22 06:30
Red-faced Liocichla,2.0,25.4460294,91.7487042,2026-06-22 06:30
Spot-breasted Scimitar-Babbler,4.0,25.4460294,91.7487042,2026-06-22 06:30
Fulvous Whistling-Duck,8.0,16.5581185,81.4962098,2026-06-22 06:21
Little Forktail,1.0,31.8604279,77.1082735,2026-06-22 06:15
Swamp Francolin,1.0,26.8420133,94.1093143,2026-06-22 05:58
Rosy Minivet,1.0,26.58167,93.4034223,2026-06-22 05:54
Himalayan Rubythroat,5.0,31.355536,78.40674,2026-06-22 05:39
Olive-backed Pipit,2.0,31.355536,78.40674,2026-06-22 05:39
Large-billed Leaf Warbler,1.0,31.355536,78.40674,2026-06-22 05:39
Himalayan Beautiful Rosefinch,5.0,31.355536,78.40674,2026-06-22 05:39
White-bellied Redstart,3.0,31.355536,78.40674,2026-06-22 05:39
Pin-tailed Green-Pigeon,1.0,27.0042719,88.6798149,2026-06-22 05:37
Gray-chinned Minivet,1.0,27.0042719,88.6798149,2026-06-22 05:37
Rufous-bellied Eagle,1.0,27.0042719,88.6798149,2026-06-22 05:37
Dalmatian Pelican,1.0,26.4766426,74.6209431,2026-06-21 18:33
Great White Pelican,4.0,26.4766426,74.6209431,2026-06-21 18:33
White-bellied Blue Flycatcher,2.0,14.7725333,74.7406783,2026-06-21 18:13
Water Pipit,2.0,34.4644682,74.0331956,2026-06-21 17:56
Eurasian Hobby,1.0,31.2721228,77.4897349,2026-06-21 17:36
Kentish Plover,5.0,18.2967912,74.1916555,2026-06-21 17:31
White-browed Scimitar-Babbler,2.0,29.3522734,79.5263929,2026-06-21 17:06
Marsh Sandpiper,3.0,26.4766426,74.6209431,2026-06-21 17:00
Painted Bush-Quail,2.0,11.470954,76.912637,2026-06-21 16:51
Malabar Lark,1.0,19.2129622,73.4693859,2026-06-21 16:35
Chestnut Munia,8.0,26.8303885,94.1259603,2026-06-21 16:24
White-gorgeted Flycatcher,2.0,23.6625518,93.2842965,2026-06-21 16:03
White-browed Piculet,1.0,27.2190147,88.4906159,2026-06-21 14:51
White-rumped Spinetail,3.0,12.0146799,75.9934931,2026-06-21 14:22
Scarlet-backed Flowerpecker,1.0,26.7202834,93.9701467,2026-06-21 14:00
Little Bittern,3.0,34.0121511,74.9223375,2026-06-21 13:10
Black-naped Tern,2.0,11.6733456,92.7351237,2026-06-21 12:44
White-nest Swiftlet,1.0,11.715797,92.732753,2026-06-21 12:03
Andaman Shama,1.0,11.715797,92.732753,2026-06-21 12:03
Rosy Starling,3.0,23.3038,72.5716,2026-06-21 11:10
Jungle Nightjar,1.0,19.7278646,73.0112427,2026-06-21 11:00
Pacific Reef-Heron,1.0,11.6615899,92.755761,2026-06-21 10:59
Himalayan Cutia,1.0,27.0211946,88.6585317,2026-06-21 10:39
Blue-winged Laughingthrush,1.0,27.0211946,88.6585317,2026-06-21 10:39
Rufescent Prinia,2.0,25.3695788,91.6313041,2026-06-21 10:08
Carrion Crow,1.0,34.1170267,77.5433285,2026-06-21 10:00
Crab-Plover,1.0,9.0216004,76.517399,2026-06-21 09:43
Orange Bullfinch,2.0,33.57891,75.51134,2026-06-21 09:30
Rosy Pipit,2.0,33.57891,75.51134,2026-06-21 09:30
Eurasian Wren,2.0,33.57891,75.51134,2026-06-21 09:30
Tickell's Leaf Warbler,1.0,33.57891,75.51134,2026-06-21 09:30
Tibetan Snowcock,1.0,34.0296485,77.9219872,2026-06-21 09:28
Himalayan Snowcock,3.0,34.0296485,77.9219872,2026-06-21 09:28
Alpine Accentor,3.0,34.0296485,77.9219872,2026-06-21 09:28
White-bellied Woodpecker,1.0,11.8211094,75.8455586,2026-06-21 09:27
Dark-fronted Babbler,4.0,11.8211094,75.8455586,2026-06-21 09:27
Pied Imperial-Pigeon,3.0,11.687941,92.724129,2026-06-21 09:19
Rufous-capped Babbler,2.0,28.791057,95.898836,2026-06-21 09:09
Mrs. Gould's Sunbird,2.0,30.9172585,78.666522,2026-06-21 09:04
Brown Bullfinch,2.0,30.9172585,78.666522,2026-06-21 09:04
Indochinese Roller,1.0,26.5866083,93.4278524,2026-06-21 09:00
Red-fronted Rosefinch,1.0,34.0296485,77.9219872,2026-06-21 08:21
Dark-necked Tailorbird,1.0,25.9588258,91.5517417,2026-06-21 07:50
Ruby-cheeked Sunbird,2.0,25.9588258,91.5517417,2026-06-21 07:50
Tawny Eagle,2.0,12.2961557,77.4406928,2026-06-21 07:45
Slender-billed Gull,3.0,10.2795159,79.8251045,2026-06-21 07:39
Brown-backed Needletail,2.0,8.7573511,77.1163609,2026-06-21 06:57
Wayanad Laughingthrush,4.0,9.6000864,77.1686792,2026-06-21 06:54
Slaty-breasted Rail,1.0,26.5862361,93.4517296,2026-06-21 06:29
Rufous-fronted Babbler,1.0,26.5862361,93.4517296,2026-06-21 06:29
Red-tailed Minla,1.0,27.014878,88.6740365,2026-06-21 06:21
Green Cochoa,1.0,27.014878,88.6740365,2026-06-21 06:21
Hodgson's Treecreeper,2.0,33.597671,75.46586,2026-06-21 05:54
White-winged Grosbeak,3.0,33.597671,75.46586,2026-06-21 05:54
Black-naped Oriole,1.0,11.6753394,92.7612363,2026-06-21 05:28
Collared Kingfisher,1.0,11.6753394,92.7612363,2026-06-21 05:28
Long-tailed Parakeet,5.0,11.6753394,92.7612363,2026-06-21 05:28
Slaty-backed Forktail,,26.9114086,88.4063708,2026-06-20 21:58
Rufous-necked Hornbill,,26.9114086,88.4063708,2026-06-20 21:58
Red-headed Trogon,,26.9114086,88.4063708,2026-06-20 21:58
Black-eared Shrike-Babbler,,27.3730928,88.2252222,2026-06-20 19:34
Pied Thrush,3.0,30.075043,80.2317381,2026-06-20 17:59
Mountain Hawk-Eagle,1.0,30.170522,78.867567,2026-06-20 16:54
Booted Eagle,1.0,34.0848229,77.608543,2026-06-20 16:48
Northern Shoveler,1.0,11.9033225,77.7418904,2026-06-20 16:06
Greater Adjutant,45.0,26.1087517,91.691957,2026-06-20 15:31
Orange-breasted Green-Pigeon,2.0,17.6060661,81.6951782,2026-06-20 15:11
Pale-capped Pigeon,1.0,17.6060661,81.6951782,2026-06-20 15:11
Rufous-vented Tit,1.0,27.014878,88.6740365,2026-06-20 14:00
Yellow-cheeked Tit,3.0,27.014878,88.6740365,2026-06-20 14:00
Alpine Thrush,2.0,27.2978402,88.8172765,2026-06-20 11:00
Blue-fronted Redstart,1.0,27.2978402,88.8172765,2026-06-20 11:00
Golden Bush-Robin,1.0,27.2978402,88.8172765,2026-06-20 11:00
Rufous-breasted Bush-Robin,1.0,27.2978402,88.8172765,2026-06-20 11:00
Malayan Night Heron,2.0,26.685077,91.0147801,2026-06-20 10:15
Black-bellied Plover,2.0,8.1103715,77.4724469,2026-06-20 09:28
Himalayan White-browed Rosefinch,2.0,27.3743879,88.7513308,2026-06-20 08:54
White-browed Fulvetta,3.0,27.3743879,88.7513308,2026-06-20 08:54
Fire-tailed Sunbird,2.0,27.3743879,88.7513308,2026-06-20 08:54
Blue-winged Leafbird,1.0,26.0932509,91.7490269,2026-06-20 08:35
Black Baza,1.0,26.0932509,91.7490269,2026-06-20 08:35
Pale-chinned Flycatcher,2.0,26.0932509,91.7490269,2026-06-20 08:35
Brown Hornbill,2.0,27.297283,95.488248,2026-06-20 08:32
Red-billed Tropicbird,1.0,9.1344856,76.4624728,2026-06-20 07:32
Eurasian Wigeon,2.0,34.1357604,77.5033986,2026-06-20 06:51
Gadwall,6.0,34.1357604,77.5033986,2026-06-20 06:51
Pale-headed Woodpecker,1.0,26.0932509,91.7490269,2026-06-20 06:47
White-winged Duck,2.0,27.343183,95.479217,2026-06-20 06:37
Black-faced Laughingthrush,4.0,27.2388499,88.7880111,2026-06-20 06:30
Great Parrotbill,2.0,27.2388499,88.7880111,2026-06-20 06:30
Fire-tailed Myzornis,2.0,27.2388499,88.7880111,2026-06-20 06:30
Dark-rumped Rosefinch,2.0,27.2388499,88.7880111,2026-06-20 06:30
Fulvous Parrotbill,2.0,27.2388499,88.7880111,2026-06-20 06:30
White-browed Bush-Robin,2.0,27.2388499,88.7880111,2026-06-20 06:30
Gold-naped Finch,2.0,27.2388499,88.7880111,2026-06-20 06:30
Black Tern,1.0,9.1344856,76.4624728,2026-06-20 06:22
Long-billed Pipit,2.0,18.4142725,73.9530824,2026-06-20 06:13
Chinese Rubythroat,1.0,32.7611336,78.9773909,2026-06-20 06:09
Collared Scops-Owl,1.0,27.5652315,95.5479106,2026-06-19 22:45
Sulphur-bellied Warbler,1.0,34.036067,78.166888,2026-06-19 18:08
Scarlet Finch,2.0,30.5362202,79.4558055,2026-06-19 16:46
Jerdon's Baza,2.0,26.8316068,88.3445056,2026-06-19 14:53
Gray-backed Shrike,2.0,27.3742278,88.7578553,2026-06-19 14:19
Eurasian Wryneck,1.0,31.386493,78.3532,2026-06-19 11:57
Cachar Wedge-billed Babbler,1.0,27.939465,96.37083,2026-06-19 11:18
Rufous-throated Partridge,2.0,29.372187,79.6109,2026-06-19 11:15
Lesser Racket-tailed Drongo,1.0,29.372187,79.6109,2026-06-19 11:15
Rufous-headed Parrotbill,1.0,27.9509428,96.3890717,2026-06-19 10:41
Asian House-Martin,4.0,32.2480543,78.0443828,2026-06-19 10:21
Dark-breasted Rosefinch,2.0,27.3751439,88.7678146,2026-06-19 09:55
Slaty-bellied Tesia,1.0,27.0890939,88.6605804,2026-06-19 08:20
Sikkim Treecreeper,1.0,27.0890939,88.6605804,2026-06-19 08:20
Himalayan Shortwing,1.0,27.0890939,88.6605804,2026-06-19 08:20
Indian Grassbird,1.0,26.724078,91.0968642,2026-06-19 07:35
Masked Booby,1.0,9.1344856,76.4624728,2026-06-19 07:17
Wilson's Storm-Petrel,2.0,11.942021,75.296967,2026-06-19 06:50
Pale Martin,5.0,29.1105516,79.3496412,2026-06-18 16:36
Rufous-vented Yuhina,4.0,27.2519447,88.7772292,2026-06-18 15:03
Violet Cuckoo,1.0,26.685077,91.0147801,2026-06-18 12:15
Chestnut Thrush,8.0,34.0563799,74.3892384,2026-06-18 11:30
Blyth's Tragopan,3.0,27.125239,92.4555467,2026-06-18 11:18
Collared Grosbeak,6.0,30.0623358,80.1982742,2026-06-18 10:36
Legge's Hawk-Eagle,2.0,9.6020041,77.1637945,2026-06-18 09:18
Collared Pratincole,15.0,22.822511,72.041337,2026-06-18 09:03
Flesh-footed Shearwater,1.0,8.3763486,76.9864404,2026-06-18 07:29
Singing Bushlark,2.0,22.0524051,72.0283584,2026-06-18 06:50
Bridled Tern,25.0,11.942021,75.296967,2026-06-18 06:47
Indian Spotted Creeper,1.0,27.4701108,75.2277517,2026-06-18 05:30
Gray Nightjar,1.0,28.150441,97.004421,2026-06-17 18:17
Pied Avocet,1.0,28.4920391,76.9349771,2026-06-17 17:37
Large-tailed Nightjar,1.0,29.8080321,78.5786827,2026-06-17 17:25
Yellow-browed Tit,8.0,29.3968109,79.4559285,2026-06-17 16:51
Yunnan Nuthatch,3.0,28.144975,97.009842,2026-06-17 15:47
White-throated Needletail,3.0,26.685077,91.0147801,2026-06-17 14:43
Satyr Tragopan,1.0,27.0875188,88.6591999,2026-06-17 14:15
Black-headed Shrike-Babbler,1.0,27.0875188,88.6591999,2026-06-17 14:15
Spot-breasted Parrotbill,2.0,28.210514,97.022441,2026-06-17 11:30
Yellow-legged Buttonquail,1.0,26.2859287,74.8753544,2026-06-17 11:04
South Polar Skua,1.0,9.1344856,76.4624728,2026-06-17 06:46
Long-billed Thrush,1.0,30.0820105,80.2319205,2026-06-17 06:29
Dusky Eagle-Owl,2.0,23.5345886,79.7478826,2026-06-17 06:24
Striolated Bunting,2.0,26.2600981,74.8289559,2026-06-17 06:09
Black-headed Greenfinch,5.0,28.302537,97.023943,2026-06-17 05:51
Brown Parrotbill,1.0,27.2519971,88.7794876,2026-06-17 05:26
Broad-billed Warbler,1.0,27.2519971,88.7794876,2026-06-17 05:26
Wreathed Hornbill,1.0,26.9341608,92.8557282,2026-06-16 18:52
Ferruginous Flycatcher,1.0,27.105592,88.651706,2026-06-16 16:43
Red-footed Booby,1.0,22.5826954,70.1908054,2026-06-16 13:30
Andaman Masked-Owl,1.0,11.6728932,92.7463869,2026-06-16 12:43
Large Blue Flycatcher,1.0,27.954043,96.393843,2026-06-16 09:13
Beautiful Sibia,2.0,27.939703,96.369114,2026-06-16 08:08
Golden-headed Cisticola,7.0,26.724078,91.0968642,2026-06-16 08:01
Slender-billed Babbler,4.0,26.724078,91.0968642,2026-06-16 08:01
Sooty Shearwater,1.0,9.1344856,76.4624728,2026-06-16 07:58
Black-crowned Scimitar-Babbler,2.0,27.914414,96.318624,2026-06-16 05:58
Long-tailed Sibia,1.0,27.914414,96.318624,2026-06-16 05:58
Mishmi Wren-Babbler,1.0,28.1977417,95.8084689,2026-06-15 16:45
Desert Lark,1.0,26.9081466,70.8192061,2026-06-15 13:15
Crimson-naped Woodpecker,1.0,27.2278914,88.7432707,2026-06-15 12:55
Yellow-bellied Fairy-Fantail,1.0,27.1528424,92.4684833,2026-06-15 12:00
Yellow-browed Warbler,1.0,27.265783,88.787684,2026-06-15 10:24
Golden-breasted Fulvetta,2.0,27.265783,88.787684,2026-06-15 10:24
Darjeeling Woodpecker,1.0,27.094393,88.684911,2026-06-15 08:20
Rufous-throated Wren-Babbler,1.0,27.094393,88.684911,2026-06-15 08:20
Pacific Swallow,7.0,12.36612,92.919442,2026-06-15 06:20
Crow-billed Drongo,1.0,26.685077,91.0147801,2026-06-15 06:01
White-tailed Stonechat,3.0,26.8420133,94.1093143,2026-06-15 05:50
Swamp Grass Babbler,4.0,26.8420133,94.1093143,2026-06-15 05:50
Andaman Treepie,3.0,11.5098041,92.7056528,2026-06-15 05:28
Andaman Drongo,5.0,11.5098041,92.7056528,2026-06-15 05:28
Lesser Fish-Eagle,1.0,29.5863565,78.8620359,2026-06-15 05:27
Lesser Noddy,1.0,13.6322991,74.6692424,2026-06-14 17:16
Gray-crowned Prinia,6.0,29.3531265,79.5259655,2026-06-14 16:58
Persian Shearwater,1.0,13.6322991,74.6692424,2026-06-14 15:17
Amur Falcon,,28.48308,95.2187933,2026-06-14 14:51
Small Buttonquail,2.0,29.466908,74.122189,2026-06-14 10:30
Greater Sand-Plover,1.0,19.0191141,73.0056559,2026-06-14 07:15
Little Stint,8.0,19.0191141,73.0056559,2026-06-14 07:15
Spot-bellied Eagle-Owl,1.0,12.57117,77.5510083,2026-06-14 06:58
Hainan Blue Flycatcher,1.0,27.2962456,95.4874729,2026-06-14 06:02
Slender-billed Scimitar-Babbler,2.0,27.0131596,88.2004631,2026-06-14 04:55
Nilgiri Pipit,3.0,11.4134539,76.7354254,2026-06-13 17:55
Brown-cheeked Rail,1.0,26.5862361,93.4517296,2026-06-13 16:38
Chinese Pond-Heron,1.0,26.5862361,93.4517296,2026-06-13 16:38
Pallas's Grasshopper Warbler,1.0,27.5749773,95.3761956,2026-06-13 15:59
Blyth's Rosefinch,2.0,36.208095,74.135655,2026-06-13 15:05
Spotted Redshank,2.0,24.9909,75.8765,2026-06-13 15:05
Hodgson's Hawk-Cuckoo,2.0,27.3324316,95.4859745,2026-06-13 14:41
Pied Falconet,2.0,27.3324316,95.4859745,2026-06-13 14:41
Garganey,2.0,34.1357604,77.5033986,2026-06-13 13:48
Green-crowned Warbler,2.0,27.3259902,88.3497852,2026-06-13 12:56
Large Scimitar-Babbler,2.0,27.2962456,95.4874729,2026-06-13 09:40
Brooks's Leaf Warbler,6.0,36.208095,74.135655,2026-06-13 09:10
Nilgiri Sholakili,2.0,11.4351619,76.8737197,2026-06-13 09:03
Laggar Falcon,1.0,22.7240019,71.6801782,2026-06-13 09:01
Rufous-faced Warbler,1.0,27.2962456,95.4874729,2026-06-13 08:02
Curlew Sandpiper,25.0,19.0191141,73.0056559,2026-06-13 07:48
West Himalayan Bush Warbler,1.0,30.24748,80.54806,2026-06-13 06:45
Blanford's Rosefinch,1.0,30.24748,80.54806,2026-06-13 06:45
Rufous-backed Sibia,2.0,28.132166,95.2485378,2026-06-13 05:39
Rufous-vented Laughingthrush,8.0,27.2460071,95.9110308,2026-06-13 05:06
White-hooded Babbler,3.0,27.2460071,95.9110308,2026-06-13 05:06
Buff-breasted Babbler,1.0,27.2460071,95.9110308,2026-06-13 05:06
Pale Blue Flycatcher,1.0,27.2460071,95.9110308,2026-06-13 05:06
Oriental Hobby,2.0,27.2460071,95.9110308,2026-06-13 05:06
Oriental Bay-Owl,1.0,27.3164305,95.4700224,2026-06-12 20:55
Sapphire Flycatcher,1.0,27.3239663,88.3799672,2026-06-12 16:57
Ferruginous Duck,2.0,33.3139945,77.9982948,2026-06-12 15:36
Black-headed Gull,5.0,20.8822089,70.4134151,2026-06-12 09:58
Collared Treepie,1.0,27.333737,95.446455,2026-06-12 05:30
Marsh Babbler,2.0,27.6177476,95.401381,2026-06-12 05:24
Jerdon's Babbler,4.0,27.6177476,95.401381,2026-06-12 05:24
Australasian Grass-Owl,1.0,27.5749773,95.3761956,2026-06-11 18:20
Chestnut-backed Laughingthrush,1.0,27.391959,95.63435,2026-06-11 16:58
Hume's Bush Warbler,1.0,26.9944707,88.2845237,2026-06-11 14:22
Blood Pheasant,4.0,27.7784683,92.2131867,2026-06-11 07:05
Asian Glossy Starling,2.0,7.009285,93.931843,2026-06-11 06:35
Black-browed Tit,2.0,27.6298133,92.049675,2026-06-11 05:32
Nicobar Hooded Pitta,2.0,6.942536,93.898354,2026-06-10 15:46
Andaman Wood-Pigeon,4.0,6.942536,93.898354,2026-06-10 15:46
Nicobar Imperial-Pigeon,10.0,6.942536,93.898354,2026-06-10 15:46
Nicobar Parakeet,6.0,6.942536,93.898354,2026-06-10 15:46
Streaked Wren-Babbler,1.0,27.3324316,95.4859745,2026-06-10 15:15
Green Shrike-Babbler,2.0,27.5650833,91.95955,2026-06-10 14:43
Barred Warbler,1.0,33.1923174,78.9592854,2026-06-10 13:37
Andaman Cuckoo-Dove,2.0,6.98414,93.913478,2026-06-10 07:55
Eurasian Whimbrel,1.0,7.013682,93.929991,2026-06-10 05:56
